﻿{
	"name": "Tank Run",
	"version": "1.0",
	"description": "An epic tank game",
	"id": "com.colestock.tankrun",
	"viewport-width": 1920,
	"viewport-height": 1080,
	"author": "James Colestock",
	"email": "james@colestock.com",
	"website": "http://www.colestock.com",
	"orientations": "landscape",
	"c2version": "216",
	"used-plugins": [
		"Arr",
		"Audio",
		"Function",
		"Mouse",
		"Sprite",
		"Spritefont2",
		"TiledBg",
		"Touch"
	],
	"used-behaviors": [
		"Bullet",
		"Flash",
		"LOS",
		"Pathfinding",
		"Pin",
		"bound",
		"scrollto",
		"solid"
	]
}